status_scope,RevenueType,month,manufacturing_type,n,n_share,qty,qty_share,n_total,qty_total
Actual_only,Omni Channel,2024-01,MTO,31,0.1987179487179487,1921.0,0.362726586102719,156,5296.0
Actual_only,Omni Channel,2024-01,MTS,125,0.8012820512820513,3375.0,0.637273413897281,156,5296.0
Actual_only,Omni Channel,2024-02,MTO,14,0.07692307692307693,69.0,0.12084063047285463,182,571.0
Actual_only,Omni Channel,2024-02,MTS,168,0.9230769230769231,502.0,0.8791593695271454,182,571.0
Actual_only,Omni Channel,2024-03,MTO,22,0.13095238095238096,640.0,0.6268364348677767,168,1021.0
Actual_only,Omni Channel,2024-03,MTS,146,0.8690476190476191,381.0,0.3731635651322233,168,1021.0
Actual_only,Omni Channel,2024-04,MTO,20,0.13333333333333333,86.0,0.07733812949640288,150,1112.0
Actual_only,Omni Channel,2024-04,MTS,130,0.8666666666666667,1026.0,0.9226618705035972,150,1112.0
Actual_only,Omni Channel,2024-05,MISSING,1,0.007692307692307693,1.0,0.0002965599051008304,130,3372.0
Actual_only,Omni Channel,2024-05,MTO,24,0.18461538461538463,2932.0,0.8695136417556346,130,3372.0
Actual_only,Omni Channel,2024-05,MTS,105,0.8076923076923077,439.0,0.13018979833926453,130,3372.0
Actual_only,Omni Channel,2024-06,MISSING,1,0.006060606060606061,75.0,0.06260434056761269,165,1198.0
Actual_only,Omni Channel,2024-06,MTO,21,0.12727272727272726,301.0,0.25125208681135225,165,1198.0
Actual_only,Omni Channel,2024-06,MTS,143,0.8666666666666667,822.0,0.6861435726210351,165,1198.0
Actual_only,Omni Channel,2024-07,MTO,17,0.13934426229508196,109.0,0.23851203501094093,122,457.0
Actual_only,Omni Channel,2024-07,MTS,105,0.860655737704918,348.0,0.7614879649890591,122,457.0
Actual_only,Omni Channel,2024-08,MTO,34,0.1878453038674033,651.0,0.4626865671641791,181,1407.0
Actual_only,Omni Channel,2024-08,MTS,147,0.8121546961325967,756.0,0.5373134328358209,181,1407.0
Actual_only,Omni Channel,2024-09,MTO,18,0.07531380753138076,51.0,0.01710261569416499,239,2982.0
Actual_only,Omni Channel,2024-09,MTS,221,0.9246861924686193,2931.0,0.9828973843058351,239,2982.0
Actual_only,Omni Channel,2024-10,MTO,27,0.14917127071823205,688.0,0.6590038314176245,181,1044.0
Actual_only,Omni Channel,2024-10,MTS,154,0.850828729281768,356.0,0.34099616858237547,181,1044.0
Actual_only,Omni Channel,2024-11,MTO,30,0.11857707509881422,466.0,0.4506769825918762,253,1034.0
Actual_only,Omni Channel,2024-11,MTS,223,0.8814229249011858,568.0,0.5493230174081238,253,1034.0
Actual_only,Omni Channel,2024-12,MTO,12,0.09523809523809523,676.0,0.7253218884120172,126,932.0
Actual_only,Omni Channel,2024-12,MTS,114,0.9047619047619048,256.0,0.27467811158798283,126,932.0
Actual_only,Omni Channel,2025-01,MTO,56,0.2857142857142857,1673.0,0.5496057818659659,196,3044.0
Actual_only,Omni Channel,2025-01,MTS,140,0.7142857142857143,1371.0,0.4503942181340342,196,3044.0
Actual_only,Omni Channel,2025-02,MISSING,1,0.00641025641025641,3.0,0.0029850746268656717,156,1005.0
Actual_only,Omni Channel,2025-02,MTO,24,0.15384615384615385,689.0,0.6855721393034826,156,1005.0
Actual_only,Omni Channel,2025-02,MTS,131,0.8397435897435898,313.0,0.31144278606965176,156,1005.0
Actual_only,Omni Channel,2025-03,MISSING,2,0.011494252873563218,100.0,0.0544069640914037,174,1838.0
Actual_only,Omni Channel,2025-03,MTO,46,0.26436781609195403,1438.0,0.7823721436343852,174,1838.0
Actual_only,Omni Channel,2025-03,MTS,126,0.7241379310344828,300.0,0.1632208922742111,174,1838.0
Actual_only,Omni Channel,2025-04,MTO,22,0.13924050632911392,63.0,0.1571072319201995,158,401.0
Actual_only,Omni Channel,2025-04,MTS,136,0.8607594936708861,338.0,0.8428927680798005,158,401.0
Actual_only,Omni Channel,2025-05,MISSING,6,0.0335195530726257,108.0,0.04258675078864353,179,2536.0
Actual_only,Omni Channel,2025-05,MTO,48,0.2681564245810056,2051.0,0.8087539432176656,179,2536.0
Actual_only,Omni Channel,2025-05,MTS,125,0.6983240223463687,377.0,0.14865930599369084,179,2536.0
Actual_only,Omni Channel,2025-06,MTO,28,0.23333333333333334,1139.0,0.853183520599251,120,1335.0
Actual_only,Omni Channel,2025-06,MTS,92,0.7666666666666667,196.0,0.14681647940074907,120,1335.0
Actual_only,Omni Channel,2025-07,MTO,17,0.12686567164179105,597.0,0.6941860465116279,134,860.0
Actual_only,Omni Channel,2025-07,MTS,117,0.8731343283582089,263.0,0.3058139534883721,134,860.0
Actual_only,Omni Channel,2025-08,MTO,31,0.13478260869565217,464.0,0.4080914687774846,230,1137.0
Actual_only,Omni Channel,2025-08,MTS,199,0.8652173913043478,673.0,0.5919085312225154,230,1137.0
Actual_only,Omni Channel,2025-09,MTO,21,0.12574850299401197,683.0,0.42343459392436456,167,1613.0
Actual_only,Omni Channel,2025-09,MTS,146,0.874251497005988,930.0,0.5765654060756354,167,1613.0
Actual_only,Omni Channel,2025-10,MTO,16,0.0975609756097561,59.0,0.14251207729468598,164,414.0
Actual_only,Omni Channel,2025-10,MTS,148,0.9024390243902439,355.0,0.857487922705314,164,414.0
Actual_only,Omni Channel,2025-11,MTO,40,0.12539184952978055,378.0,0.19894736842105262,319,1900.0
Actual_only,Omni Channel,2025-11,MTS,279,0.8746081504702194,1522.0,0.8010526315789473,319,1900.0
Actual_only,Omni Channel,2025-12,MTO,6,0.061855670103092786,70.0,0.2413793103448276,97,290.0
Actual_only,Omni Channel,2025-12,MTS,91,0.9381443298969072,220.0,0.7586206896551724,97,290.0
Actual_only,Omni Channel,2026-01,MTO,32,0.19047619047619047,709.0,0.6707663197729423,168,1057.0
Actual_only,Omni Channel,2026-01,MTS,136,0.8095238095238095,348.0,0.32923368022705773,168,1057.0
Actual_only,Omni Channel,2026-02,MTO,26,0.21487603305785125,147.0,0.4375,121,336.0
Actual_only,Omni Channel,2026-02,MTS,95,0.7851239669421488,189.0,0.5625,121,336.0
Actual_only,Omni Channel,2026-03,MTO,29,0.1858974358974359,697.0,0.717816683831102,156,971.0
Actual_only,Omni Channel,2026-03,MTS,127,0.8141025641025641,274.0,0.282183316168898,156,971.0
Actual_only,Omni Channel,2026-04,MTO,22,0.11891891891891893,205.0,0.34395973154362414,185,596.0
Actual_only,Omni Channel,2026-04,MTS,163,0.8810810810810811,391.0,0.6560402684563759,185,596.0
Actual_only,Omni Channel,2026-05,MTO,29,0.21323529411764705,214.0,0.47555555555555556,136,450.0
Actual_only,Omni Channel,2026-05,MTS,107,0.7867647058823529,236.0,0.5244444444444445,136,450.0
Actual_only,Omni Channel,2026-06,MTO,11,0.09565217391304348,146.0,0.40668523676880225,115,359.0
Actual_only,Omni Channel,2026-06,MTS,104,0.9043478260869565,213.0,0.5933147632311978,115,359.0
Actual_only,Omni Channel,2026-07,MTO,11,0.06790123456790123,56.0,0.13691931540342298,162,409.0
Actual_only,Omni Channel,2026-07,MTS,151,0.9320987654320988,353.0,0.863080684596577,162,409.0
Actual_only,Omni Channel,2026-08,MTO,10,0.058823529411764705,27.0,0.0712401055408971,170,379.0
Actual_only,Omni Channel,2026-08,MTS,160,0.9411764705882353,352.0,0.9287598944591029,170,379.0
Actual_only,Omni Channel,2026-09,MTS,41,1.0,81.0,1.0,41,81.0
Actual_only,Tendering,2024-01,MTO,2,1.0,164.0,1.0,2,164.0
Actual_only,Tendering,2024-02,MTO,2,1.0,304.0,1.0,2,304.0
Actual_only,Tendering,2024-03,MTO,4,1.0,360.0,1.0,4,360.0
Actual_only,Tendering,2024-05,MISSING,1,0.5,3.0,0.75,2,4.0
Actual_only,Tendering,2024-05,MTO,1,0.5,1.0,0.25,2,4.0
Actual_only,Tendering,2024-06,MTO,1,1.0,39.0,1.0,1,39.0
Actual_only,Tendering,2024-08,MTO,3,1.0,4140.0,1.0,3,4140.0
Actual_only,Tendering,2024-09,MTO,13,1.0,4308.0,1.0,13,4308.0
Actual_only,Tendering,2024-10,MTO,15,1.0,2319.0,1.0,15,2319.0
Actual_only,Tendering,2024-11,MTO,20,1.0,15527.0,1.0,20,15527.0
Actual_only,Tendering,2025-01,MTO,1,1.0,3.0,1.0,1,3.0
Actual_only,Tendering,2025-02,MTO,2,1.0,23.0,1.0,2,23.0
Actual_only,Tendering,2025-05,MTO,23,1.0,3508.0,1.0,23,3508.0
Actual_only,Tendering,2025-06,MTO,3,1.0,35.0,1.0,3,35.0
Actual_only,Tendering,2025-07,MTO,5,1.0,188.0,1.0,5,188.0
Actual_only,Tendering,2025-08,MTO,2,1.0,21.0,1.0,2,21.0
Actual_only,Tendering,2025-09,MTO,1,1.0,1.0,1.0,1,1.0
Actual_only,Tendering,2025-10,MTO,2,0.6666666666666666,61.0,0.9838709677419355,3,62.0
Actual_only,Tendering,2025-10,MTS,1,0.3333333333333333,1.0,0.016129032258064516,3,62.0
Actual_only,Tendering,2025-11,MTO,5,1.0,890.0,1.0,5,890.0
Actual_only,Tendering,2026-01,MTO,12,1.0,5398.0,1.0,12,5398.0
Actual_only,Tendering,2026-05,MTO,14,1.0,18620.0,1.0,14,18620.0
Actual_only,Tendering,2026-07,MISSING,2,0.2857142857142857,10.0,0.0038314176245210726,7,2610.0
Actual_only,Tendering,2026-07,MTO,5,0.7142857142857143,2600.0,0.9961685823754789,7,2610.0
Actual_only,Tendering,2026-08,MISSING,4,0.4444444444444444,748.0,0.2139588100686499,9,3496.0
Actual_only,Tendering,2026-08,MTO,5,0.5555555555555556,2748.0,0.7860411899313501,9,3496.0
Actual_plus_MPS,Omni Channel,2024-01,MTO,31,0.1987179487179487,1921.0,0.362726586102719,156,5296.0
Actual_plus_MPS,Omni Channel,2024-01,MTS,125,0.8012820512820513,3375.0,0.637273413897281,156,5296.0
Actual_plus_MPS,Omni Channel,2024-02,MTO,14,0.07692307692307693,69.0,0.12084063047285463,182,571.0
Actual_plus_MPS,Omni Channel,2024-02,MTS,168,0.9230769230769231,502.0,0.8791593695271454,182,571.0
Actual_plus_MPS,Omni Channel,2024-03,MTO,22,0.13095238095238096,640.0,0.6268364348677767,168,1021.0
Actual_plus_MPS,Omni Channel,2024-03,MTS,146,0.8690476190476191,381.0,0.3731635651322233,168,1021.0
Actual_plus_MPS,Omni Channel,2024-04,MTO,20,0.13333333333333333,86.0,0.07733812949640288,150,1112.0
Actual_plus_MPS,Omni Channel,2024-04,MTS,130,0.8666666666666667,1026.0,0.9226618705035972,150,1112.0
Actual_plus_MPS,Omni Channel,2024-05,MISSING,1,0.007692307692307693,1.0,0.0002965599051008304,130,3372.0
Actual_plus_MPS,Omni Channel,2024-05,MTO,24,0.18461538461538463,2932.0,0.8695136417556346,130,3372.0
Actual_plus_MPS,Omni Channel,2024-05,MTS,105,0.8076923076923077,439.0,0.13018979833926453,130,3372.0
Actual_plus_MPS,Omni Channel,2024-06,MISSING,1,0.006060606060606061,75.0,0.06260434056761269,165,1198.0
Actual_plus_MPS,Omni Channel,2024-06,MTO,21,0.12727272727272726,301.0,0.25125208681135225,165,1198.0
Actual_plus_MPS,Omni Channel,2024-06,MTS,143,0.8666666666666667,822.0,0.6861435726210351,165,1198.0
Actual_plus_MPS,Omni Channel,2024-07,MTO,17,0.13934426229508196,109.0,0.23851203501094093,122,457.0
Actual_plus_MPS,Omni Channel,2024-07,MTS,105,0.860655737704918,348.0,0.7614879649890591,122,457.0
Actual_plus_MPS,Omni Channel,2024-08,MTO,34,0.1878453038674033,651.0,0.4626865671641791,181,1407.0
Actual_plus_MPS,Omni Channel,2024-08,MTS,147,0.8121546961325967,756.0,0.5373134328358209,181,1407.0
Actual_plus_MPS,Omni Channel,2024-09,MTO,18,0.07531380753138076,51.0,0.01710261569416499,239,2982.0
Actual_plus_MPS,Omni Channel,2024-09,MTS,221,0.9246861924686193,2931.0,0.9828973843058351,239,2982.0
Actual_plus_MPS,Omni Channel,2024-10,MTO,27,0.14917127071823205,688.0,0.6590038314176245,181,1044.0
Actual_plus_MPS,Omni Channel,2024-10,MTS,154,0.850828729281768,356.0,0.34099616858237547,181,1044.0
Actual_plus_MPS,Omni Channel,2024-11,MTO,30,0.11857707509881422,466.0,0.4506769825918762,253,1034.0
Actual_plus_MPS,Omni Channel,2024-11,MTS,223,0.8814229249011858,568.0,0.5493230174081238,253,1034.0
Actual_plus_MPS,Omni Channel,2024-12,MTO,12,0.09523809523809523,676.0,0.7253218884120172,126,932.0
Actual_plus_MPS,Omni Channel,2024-12,MTS,114,0.9047619047619048,256.0,0.27467811158798283,126,932.0
Actual_plus_MPS,Omni Channel,2025-01,MTO,56,0.2857142857142857,1673.0,0.5496057818659659,196,3044.0
Actual_plus_MPS,Omni Channel,2025-01,MTS,140,0.7142857142857143,1371.0,0.4503942181340342,196,3044.0
Actual_plus_MPS,Omni Channel,2025-02,MISSING,1,0.00641025641025641,3.0,0.0029850746268656717,156,1005.0
Actual_plus_MPS,Omni Channel,2025-02,MTO,24,0.15384615384615385,689.0,0.6855721393034826,156,1005.0
Actual_plus_MPS,Omni Channel,2025-02,MTS,131,0.8397435897435898,313.0,0.31144278606965176,156,1005.0
Actual_plus_MPS,Omni Channel,2025-03,MISSING,2,0.011494252873563218,100.0,0.0544069640914037,174,1838.0
Actual_plus_MPS,Omni Channel,2025-03,MTO,46,0.26436781609195403,1438.0,0.7823721436343852,174,1838.0
Actual_plus_MPS,Omni Channel,2025-03,MTS,126,0.7241379310344828,300.0,0.1632208922742111,174,1838.0
Actual_plus_MPS,Omni Channel,2025-04,MTO,22,0.13924050632911392,63.0,0.1571072319201995,158,401.0
Actual_plus_MPS,Omni Channel,2025-04,MTS,136,0.8607594936708861,338.0,0.8428927680798005,158,401.0
Actual_plus_MPS,Omni Channel,2025-05,MISSING,6,0.03314917127071823,108.0,0.04251968503937008,181,2540.0
Actual_plus_MPS,Omni Channel,2025-05,MTO,50,0.27624309392265195,2055.0,0.8090551181102362,181,2540.0
Actual_plus_MPS,Omni Channel,2025-05,MTS,125,0.6906077348066298,377.0,0.1484251968503937,181,2540.0
Actual_plus_MPS,Omni Channel,2025-06,MTO,28,0.23333333333333334,1139.0,0.853183520599251,120,1335.0
Actual_plus_MPS,Omni Channel,2025-06,MTS,92,0.7666666666666667,196.0,0.14681647940074907,120,1335.0
Actual_plus_MPS,Omni Channel,2025-07,MTO,17,0.12686567164179105,597.0,0.6941860465116279,134,860.0
Actual_plus_MPS,Omni Channel,2025-07,MTS,117,0.8731343283582089,263.0,0.3058139534883721,134,860.0
Actual_plus_MPS,Omni Channel,2025-08,MTO,31,0.13478260869565217,464.0,0.4080914687774846,230,1137.0
Actual_plus_MPS,Omni Channel,2025-08,MTS,199,0.8652173913043478,673.0,0.5919085312225154,230,1137.0
Actual_plus_MPS,Omni Channel,2025-09,MTO,22,0.1301775147928994,686.0,0.42424242424242425,169,1617.0
Actual_plus_MPS,Omni Channel,2025-09,MTS,147,0.8698224852071006,931.0,0.5757575757575758,169,1617.0
Actual_plus_MPS,Omni Channel,2025-10,MTO,16,0.09696969696969697,59.0,0.14148681055155876,165,417.0
Actual_plus_MPS,Omni Channel,2025-10,MTS,149,0.9030303030303031,358.0,0.8585131894484412,165,417.0
Actual_plus_MPS,Omni Channel,2025-11,MTO,40,0.1238390092879257,378.0,0.19811320754716982,323,1908.0
Actual_plus_MPS,Omni Channel,2025-11,MTS,283,0.8761609907120743,1530.0,0.8018867924528302,323,1908.0
Actual_plus_MPS,Omni Channel,2025-12,MTO,6,0.0594059405940594,70.0,0.2348993288590604,101,298.0
Actual_plus_MPS,Omni Channel,2025-12,MTS,95,0.9405940594059405,228.0,0.7651006711409396,101,298.0
Actual_plus_MPS,Omni Channel,2026-01,MTO,32,0.18823529411764706,709.0,0.6682375117813384,170,1061.0
Actual_plus_MPS,Omni Channel,2026-01,MTS,138,0.8117647058823529,352.0,0.33176248821866167,170,1061.0
Actual_plus_MPS,Omni Channel,2026-02,MTO,27,0.22131147540983606,156.0,0.45217391304347826,122,345.0
Actual_plus_MPS,Omni Channel,2026-02,MTS,95,0.7786885245901639,189.0,0.5478260869565217,122,345.0
Actual_plus_MPS,Omni Channel,2026-03,MTO,35,0.21341463414634146,1719.0,0.8607911867801703,164,1997.0
Actual_plus_MPS,Omni Channel,2026-03,MTS,129,0.7865853658536586,278.0,0.13920881321982975,164,1997.0
Actual_plus_MPS,Omni Channel,2026-04,MTO,24,0.12834224598930483,214.0,0.3537190082644628,187,605.0
Actual_plus_MPS,Omni Channel,2026-04,MTS,163,0.8716577540106952,391.0,0.6462809917355372,187,605.0
Actual_plus_MPS,Omni Channel,2026-05,MTO,44,0.2875816993464052,816.0,0.7727272727272727,153,1056.0
Actual_plus_MPS,Omni Channel,2026-05,MTS,109,0.7124183006535948,240.0,0.22727272727272727,153,1056.0
Actual_plus_MPS,Omni Channel,2026-06,MTO,19,0.15447154471544716,713.0,0.7699784017278618,123,926.0
Actual_plus_MPS,Omni Channel,2026-06,MTS,104,0.8455284552845529,213.0,0.23002159827213822,123,926.0
Actual_plus_MPS,Omni Channel,2026-07,MTO,11,0.06626506024096386,56.0,0.13365155131264916,166,419.0
Actual_plus_MPS,Omni Channel,2026-07,MTS,155,0.9337349397590361,363.0,0.8663484486873508,166,419.0
Actual_plus_MPS,Omni Channel,2026-08,MTO,14,0.07179487179487179,39.0,0.08571428571428572,195,455.0
Actual_plus_MPS,Omni Channel,2026-08,MTS,181,0.9282051282051282,416.0,0.9142857142857143,195,455.0
Actual_plus_MPS,Omni Channel,2026-09,MTO,13,0.1566265060240964,67.0,0.32057416267942584,83,209.0
Actual_plus_MPS,Omni Channel,2026-09,MTS,70,0.8433734939759037,142.0,0.6794258373205742,83,209.0
Actual_plus_MPS,Tendering,2024-01,MTO,2,1.0,164.0,1.0,2,164.0
Actual_plus_MPS,Tendering,2024-02,MTO,2,1.0,304.0,1.0,2,304.0
Actual_plus_MPS,Tendering,2024-03,MTO,4,1.0,360.0,1.0,4,360.0
Actual_plus_MPS,Tendering,2024-05,MISSING,1,0.5,3.0,0.75,2,4.0
Actual_plus_MPS,Tendering,2024-05,MTO,1,0.5,1.0,0.25,2,4.0
Actual_plus_MPS,Tendering,2024-06,MTO,1,1.0,39.0,1.0,1,39.0
Actual_plus_MPS,Tendering,2024-08,MTO,3,1.0,4140.0,1.0,3,4140.0
Actual_plus_MPS,Tendering,2024-09,MTO,13,1.0,4308.0,1.0,13,4308.0
Actual_plus_MPS,Tendering,2024-10,MTO,15,1.0,2319.0,1.0,15,2319.0
Actual_plus_MPS,Tendering,2024-11,MTO,20,1.0,15527.0,1.0,20,15527.0
Actual_plus_MPS,Tendering,2025-01,MTO,1,1.0,3.0,1.0,1,3.0
Actual_plus_MPS,Tendering,2025-02,MTO,2,1.0,23.0,1.0,2,23.0
Actual_plus_MPS,Tendering,2025-05,MTO,23,1.0,3508.0,1.0,23,3508.0
Actual_plus_MPS,Tendering,2025-06,MTO,3,1.0,35.0,1.0,3,35.0
Actual_plus_MPS,Tendering,2025-07,MTO,5,1.0,188.0,1.0,5,188.0
Actual_plus_MPS,Tendering,2025-08,MTO,2,1.0,21.0,1.0,2,21.0
Actual_plus_MPS,Tendering,2025-09,MTO,1,1.0,1.0,1.0,1,1.0
Actual_plus_MPS,Tendering,2025-10,MTO,2,0.6666666666666666,61.0,0.9838709677419355,3,62.0
Actual_plus_MPS,Tendering,2025-10,MTS,1,0.3333333333333333,1.0,0.016129032258064516,3,62.0
Actual_plus_MPS,Tendering,2025-11,MTO,5,1.0,890.0,1.0,5,890.0
Actual_plus_MPS,Tendering,2026-01,MTO,12,1.0,5398.0,1.0,12,5398.0
Actual_plus_MPS,Tendering,2026-05,MTO,14,1.0,18620.0,1.0,14,18620.0
Actual_plus_MPS,Tendering,2026-07,MISSING,2,0.25,10.0,0.0021691973969631237,8,4610.0
Actual_plus_MPS,Tendering,2026-07,MTO,6,0.75,4600.0,0.9978308026030369,8,4610.0
Actual_plus_MPS,Tendering,2026-08,MISSING,6,0.4,1505.0,0.21417390066884873,15,7027.0
Actual_plus_MPS,Tendering,2026-08,MTO,9,0.6,5522.0,0.7858260993311513,15,7027.0
