itemcode,division,warehouses_with_stock,n_warehouses,total_qty,has_stock_anywhere
LB-F-99-G2261201,PEM102,,0,0.0,False
LB-F-99-G2261204,PEM102,,0,0.0,False
LB-F-99-G2261204-01,PEM102,,0,0.0,False
LB-F-99-G2261205,PEM102,"[{'warehouse': 'FG01', 'qty': 1.0}]",1,1.0,True
LB-F-99-G2261205-01,PEM102,,0,0.0,False
LB-F-99-G2261207,PEM102,"[{'warehouse': 'FG01', 'qty': 1.0}]",1,1.0,True
LB-F-99-G2261207-01,PEM102,,0,0.0,False
LB-F-99-G3341001,PEM102,,0,0.0,False
LB-F-99-G3341004,PEM102,,0,0.0,False
LB-F-99-G3341004-01,PEM102,,0,0.0,False
LB-F-99-G3341005,PEM102,,0,0.0,False
LB-F-99-G3341005-01,PEM102,,0,0.0,False
LB-F-99-G3341007,PEM102,,0,0.0,False
LB-F-99-G3341007-01,PEM102,,0,0.0,False
SL-F-99-S2461601,PEM102,,0,0.0,False
SL-F-99-S2461604,PEM102,,0,0.0,False
SL-F-99-S2461604-01,PEM102,,0,0.0,False
SL-F-99-S2461605,PEM102,,0,0.0,False
SL-F-99-S2461605-01,PEM102,,0,0.0,False
SR-F-99-2261203,PEM102,,0,0.0,False
SR-F-99-2261203-01,PEM102,,0,0.0,False
SR-F-99-3381603,PEM102,,0,0.0,False
SR-F-99-3381603-01,PEM102,,0,0.0,False
02-05-R-0001,PEM102,"[{'warehouse': 'W122', 'qty': 1.0}]",1,1.0,True
02-05-R-0004,PEM102,,0,0.0,False
SL-F-99-S2461608-1,PEM102,,0,0.0,False
TF-F-99-2104221B1,PEM103,,0,0.0,False
TF-F-99-2304221B1,PEM103,,0,0.0,False
TF-F-99-2404221B1,PEM103,,0,0.0,False
TF-F-99-2504221B1,PEM103,,0,0.0,False
TF-F-99-2704221B1,PEM103,"[{'warehouse': 'FG23', 'qty': 1.0}]",1,1.0,True
TF-F-99-2804221B1,PEM103,,0,0.0,False
TF-F-99-2904221B1,PEM103,,0,0.0,False
TF-F-99-3004221B1,PEM103,,0,0.0,False
TF-F-99-3204221B1,PEM103,,0,0.0,False
TF-F-99-3104221B1,PEM103,,0,0.0,False
TF-F-99-3704221B1,PEM103,,0,0.0,False
TF-F-99-2107221B1,PEM103,,0,0.0,False
TF-F-99-2107221B1.,PEM103,,0,0.0,False
TF-F-99-2307221B1,PEM103,,0,0.0,False
TF-F-99-2407221B1,PEM103,"[{'warehouse': 'FG23', 'qty': 2.0}]",1,2.0,True
TF-F-99-2707221B1,PEM103,,0,0.0,False
TF-F-99-2807221B1,PEM103,,0,0.0,False
TF-F-99-2907221B1,PEM103,,0,0.0,False
TF-F-99-3007221B1,PEM103,,0,0.0,False
TF-F-99-3207221B1,PEM103,,0,0.0,False
TF-F-99-3107221B1,PEM103,,0,0.0,False
TF-F-99-3707221B1,PEM103,,0,0.0,False
TF-F-99-2104223B1,PEM103,"[{'warehouse': 'FG23', 'qty': 1.0}]",1,1.0,True
TF-F-99-2304223B1,PEM103,,0,0.0,False
TF-F-99-2404223B1,PEM103,,0,0.0,False
TF-F-99-2504223B1,PEM103,,0,0.0,False
TF-F-99-2704223B1,PEM103,,0,0.0,False
TF-F-99-2804223B1,PEM103,,0,0.0,False
TF-F-99-2904223B1,PEM103,,0,0.0,False
TF-F-99-3004223B1,PEM103,,0,0.0,False
TF-F-99-3204223B1,PEM103,,0,0.0,False
TF-F-99-3104223B1,PEM103,,0,0.0,False
TF-F-99-3704223B1,PEM103,,0,0.0,False
TF-F-99-2107223B1,PEM103,,0,0.0,False
TF-F-99-2307223B1,PEM103,,0,0.0,False
TF-F-99-2407223B1,PEM103,"[{'warehouse': 'FG23', 'qty': 1.0}]",1,1.0,True
TF-F-99-2507223B1,PEM103,,0,0.0,False
TF-F-99-2707223B1,PEM103,,0,0.0,False
TF-F-99-2807223B1,PEM103,,0,0.0,False
TF-F-99-2907223B1,PEM103,,0,0.0,False
TF-F-99-3007223B1,PEM103,,0,0.0,False
TF-F-99-3207223B1,PEM103,,0,0.0,False
TF-F-99-3107223B1,PEM103,"[{'warehouse': 'FG23', 'qty': 1.0}]",1,1.0,True
TF-F-99-3707223B1,PEM103,,0,0.0,False
TF-F-99-2105433B4,PEM103,,0,0.0,False
TF-F-99-2305433B4,PEM103,,0,0.0,False
TF-F-99-2405433B4,PEM103,,0,0.0,False
TF-F-99-2505433B4,PEM103,,0,0.0,False
TF-F-99-2705433B4,PEM103,,0,0.0,False
TF-F-99-2805433B4,PEM103,,0,0.0,False
TF-F-99-2905433B4,PEM103,,0,0.0,False
TF-F-99-3005433B4,PEM103,,0,0.0,False
TF-F-99-3205433B4,PEM103,,0,0.0,False
TF-F-99-3105433B4,PEM103,,0,0.0,False
TF-F-99-3705433B4,PEM103,,0,0.0,False
TF-F-99-0703811G1,PEM103,,0,0.0,False
TF-F-99-0704811G1,PEM103,"[{'warehouse': 'FG23', 'qty': 1.0}]",1,1.0,True
TF-F-99-10044211Q1,PEM103,"[{'warehouse': 'FG23', 'qty': 12.0}]",1,12.0,True
TF-F-99-12044211Q1,PEM103,,0,0.0,False
TF-F-99-15044211Q1,PEM103,,0,0.0,False
TF-F-99-19044211Q1,PEM103,"[{'warehouse': 'FG23', 'qty': 5.0}]",1,5.0,True
TF-F-99-10074211Q1,PEM103,"[{'warehouse': 'FG23', 'qty': 11.0}]",1,11.0,True
TF-F-99-12074211Q1,PEM103,,0,0.0,False
TF-F-99-15074211Q1,PEM103,"[{'warehouse': 'FG23', 'qty': 6.0}]",1,6.0,True
TF-F-99-19074211Q1,PEM103,,0,0.0,False
TF-F-99-10044211AB1,PEM103,,0,0.0,False
TF-F-99-12044211AB1,PEM103,,0,0.0,False
TF-F-99-15044211AB1,PEM103,,0,0.0,False
TF-F-99-19044211AB1,PEM103,,0,0.0,False
TF-F-99-10074211AB1,PEM103,,0,0.0,False
TF-F-99-12074211AB1,PEM103,,0,0.0,False
TF-F-99-15074211AB1,PEM103,,0,0.0,False
TF-F-99-19074211AB1,PEM103,,0,0.0,False
TF-F-99-21044211H1,PEM103,,0,0.0,False
TF-F-99-23044211H1,PEM103,,0,0.0,False
TF-F-99-24044211H1,PEM103,,0,0.0,False
TF-F-99-21074211H1,PEM103,"[{'warehouse': 'FG23', 'qty': 2.0}]",1,2.0,True
TF-F-99-0703811AG1,PEM103,,0,0.0,False
TF-F-99-0704811AG1,PEM103,"[{'warehouse': 'FMTS', 'qty': 12.0}]",1,12.0,True
TF-F-99-10044211AF1,PEM103,"[{'warehouse': 'FMTS', 'qty': 1.0}]",1,1.0,True
TF-F-99-12044211AF1,PEM103,"[{'warehouse': 'FMTS', 'qty': 6.0}]",1,6.0,True
TF-F-99-15044211AF1,PEM103,"[{'warehouse': 'FMTS', 'qty': 2.0}]",1,2.0,True
TF-F-99-19044211AF1,PEM103,,0,0.0,False
TF-F-99-10074211AF1,PEM103,,0,0.0,False
TF-F-99-12074211AF1,PEM103,"[{'warehouse': 'FMTS', 'qty': 4.0}]",1,4.0,True
TF-F-99-15074211AF1,PEM103,"[{'warehouse': 'FMTS', 'qty': 1.0}]",1,1.0,True
TF-F-99-19074211AF1,PEM103,"[{'warehouse': 'FMTS', 'qty': 1.0}]",1,1.0,True
CM-F-99-447000,PEM104,,0,0.0,False
CM-F-99-447003,PEM104,"[{'warehouse': 'FG24', 'qty': 1.0}]",1,1.0,True
CM-F-99-447005,PEM104,,0,0.0,False
CM-F-99-447007,PEM104,,0,0.0,False
RL-F-99-440000,PEM104,,0,0.0,False
RL-F-99-440002,PEM104,,0,0.0,False
RL-F-99-440004,PEM104,,0,0.0,False
RL-F-99-440005,PEM104,,0,0.0,False
RL-F-99-440013,PEM104,,0,0.0,False
RL-F-99-440015,PEM104,,0,0.0,False
RL-F-99-440017,PEM104,,0,0.0,False
RL-F-99-440018,PEM104,,0,0.0,False
RS-F-99-070007,PEM107,,0,0.0,False
RS-F-99-070002,PEM107,"[{'warehouse': 'FG01', 'qty': 208.0}]",1,208.0,True
RS-F-99-070003,PEM107,,0,0.0,False
RS-F-99-070004,PEM107,"[{'warehouse': 'FG27', 'qty': 9.0}, {'warehouse': 'FG01', 'qty': 26.0}]",2,35.0,True
RS-F-99-070006,PEM107,,0,0.0,False
RS-F-99-070005,PEM107,"[{'warehouse': 'WH24', 'qty': 6.0}, {'warehouse': 'FG01', 'qty': 101.0}]",2,107.0,True
RS-F-99-070019,PEM107,,0,0.0,False
RS-F-99-070021,PEM107,,0,0.0,False
RS-F-99-070024,PEM107,,0,0.0,False
RS-F-99-050320,PEM107,,0,0.0,False
RS-F-99-05xxxx-1,PEM107,,0,0.0,False
RS-F-99-050036,PEM107,,0,0.0,False
RS-F-99-050235,PEM107,,0,0.0,False
RS-F-99-050128,PEM107,,0,0.0,False
RS-F-99-050074,PEM107,,0,0.0,False
RS-F-99-050050,PEM107,,0,0.0,False
RS-F-99-050207,PEM107,,0,0.0,False
RS-F-99-050276,PEM107,,0,0.0,False
RS-F-99-050101,PEM107,,0,0.0,False
RS-F-99-050117,PEM107,,0,0.0,False
RS-F-99-050023,PEM107,,0,0.0,False
RS-F-99-090002,PEM107,,0,0.0,False
RS-F-99-090003,PEM107,,0,0.0,False
RS-F-99-090010,PEM107,,0,0.0,False
RS-F-99-090011,PEM107,,0,0.0,False
RS-F-99-090030,PEM107,,0,0.0,False
RS-F-99-090028,PEM107,,0,0.0,False
RS-F-99-090026,PEM107,,0,0.0,False
RS-F-99-090041,PEM107,,0,0.0,False
RS-F-99-090038,PEM107,,0,0.0,False
RS-F-99-090033,PEM107,,0,0.0,False
RS-F-99-090027,PEM107,,0,0.0,False
RS-F-99-090xxx,PEM107,,0,0.0,False
RS-F-99-090039,PEM107,,0,0.0,False
RS-F-99-100001,PEM107,,0,0.0,False
RS-F-99-100013,PEM107,,0,0.0,False
RS-F-99-130011,PEM107,,0,0.0,False
RS-F-99-120002,PEM107,,0,0.0,False
RS-F-99-120006,PEM107,,0,0.0,False
RS-F-99-040004,PEM107,,0,0.0,False
RS-F-99-040006,PEM107,,0,0.0,False
RS-F-99-040003,PEM107,,0,0.0,False
RS-F-99-041001,PEM107,,0,0.0,False
RS-F-99-041002,PEM107,,0,0.0,False
RS-F-99-041033,PEM107,,0,0.0,False
RS-F-99-041003,PEM107,,0,0.0,False
RS-F-99-041034,PEM107,,0,0.0,False
RS-F-99-041004,PEM107,,0,0.0,False
RS-F-99-041015,PEM107,,0,0.0,False
RS-F-99-041005,PEM107,,0,0.0,False
RS-F-99-041010,PEM107,,0,0.0,False
RS-F-99-041006,PEM107,,0,0.0,False
RS-F-99-041035,PEM107,,0,0.0,False
RS-F-99-041007,PEM107,,0,0.0,False
RS-F-99-041008,PEM107,,0,0.0,False
RS-F-99-010127,PEM107,,0,0.0,False
RS-F-99-010128,PEM107,,0,0.0,False
RS-F-99-010122,PEM107,,0,0.0,False
RS-F-99-010129,PEM107,,0,0.0,False
RS-F-99-010123,PEM107,,0,0.0,False
RS-F-99-010124,PEM107,,0,0.0,False
RS-F-99-010114,PEM107,,0,0.0,False
RS-F-99-010130,PEM107,,0,0.0,False
RS-F-99-010018,PEM107,,0,0.0,False
RS-F-99-01xxxx-3,PEM107,,0,0.0,False
RS-F-99-01xxxx-4,PEM107,,0,0.0,False
VT-F-99-010105,PEM107,,0,0.0,False
VT-F-99-010203,PEM107,"[{'warehouse': 'WH24', 'qty': 2.0}, {'warehouse': 'FMTS', 'qty': 24.0}, {'warehouse': 'FG27', 'qty': 1.0}, {'warehouse': 'FG01', 'qty': 4.0}]",4,31.0,True
VT-F-99-010203.,PEM107,,0,0.0,False
VT-F-99-010209,PEM107,"[{'warehouse': 'FG27', 'qty': 4.0}]",1,4.0,True
VT-F-99-010205,PEM107,"[{'warehouse': 'WH22', 'qty': 1.0}, {'warehouse': 'FG22', 'qty': 7.0}]",2,8.0,True
VT-F-99-010202,PEM107,"[{'warehouse': 'FG27', 'qty': 5.0}, {'warehouse': 'WH22', 'qty': 4.0}]",2,9.0,True
VT-F-99-010303,PEM107,"[{'warehouse': 'FG27', 'qty': 5.0}]",1,5.0,True
VT-F-99-010303.,PEM107,,0,0.0,False
VT-F-99-010306,PEM107,,0,0.0,False
VT-F-99-010302,PEM107,,0,0.0,False
VT-F-99-010615,PEM107,,0,0.0,False
VT-F-99-010616,PEM107,,0,0.0,False
VT-F-99-010721,PEM107,"[{'warehouse': 'WH24', 'qty': 1.0}, {'warehouse': 'FG01', 'qty': 2.0}, {'warehouse': 'FG27', 'qty': 5.0}, {'warehouse': 'FMTS', 'qty': 1.0}, {'warehouse': 'FMTO', 'qty': 2.0}]",5,11.0,True
VT-F-99-010715,PEM107,"[{'warehouse': 'FG01', 'qty': 1.0}]",1,1.0,True
VT-F-99-010701,PEM107,"[{'warehouse': 'WH22', 'qty': 9.0}, {'warehouse': 'FG27', 'qty': 1.0}]",2,10.0,True
VT-F-99-010722,PEM107,"[{'warehouse': 'WH22', 'qty': 14.0}]",1,14.0,True
VT-F-99-010819,PEM107,"[{'warehouse': 'FG27', 'qty': 1.0}]",1,1.0,True
VT-F-99-010818,PEM107,,0,0.0,False
VT-F-99-01802,PEM107,,0,0.0,False
VT-F-99-010820,PEM107,"[{'warehouse': 'FG27', 'qty': 7.0}]",1,7.0,True
CT-F-99-020501,PEM107,"[{'warehouse': 'FG27', 'qty': 17.0}]",1,17.0,True
CT-F-99-020514,PEM107,"[{'warehouse': 'FMTS', 'qty': 2.0}]",1,2.0,True
CT-F-99-020502,PEM107,"[{'warehouse': 'FMTS', 'qty': 4.0}, {'warehouse': 'FG27', 'qty': 4.0}]",2,8.0,True
CT-F-99-020503,PEM107,"[{'warehouse': 'FMTS', 'qty': 5.0}, {'warehouse': 'FG27', 'qty': 28.0}]",2,33.0,True
CT-F-99-020504,PEM107,"[{'warehouse': 'FG27', 'qty': 37.0}, {'warehouse': 'FMTS', 'qty': 3.0}]",2,40.0,True
CT-F-99-020505,PEM107,"[{'warehouse': 'FG01', 'qty': 10.0}, {'warehouse': 'FG27', 'qty': 15.0}]",2,25.0,True
CT-F-99-020506,PEM107,"[{'warehouse': 'WH24', 'qty': 2.0}, {'warehouse': 'FG01', 'qty': 3.0}, {'warehouse': 'FG27', 'qty': 11.0}]",3,16.0,True
CT-F-99-020507,PEM107,"[{'warehouse': 'FMTO', 'qty': 3.0}, {'warehouse': 'FG27', 'qty': 4.0}]",2,7.0,True
CT-F-99-020508,PEM107,"[{'warehouse': 'FG27', 'qty': 22.0}]",1,22.0,True
CT-F-99-020509,PEM107,"[{'warehouse': 'FG01', 'qty': 3.0}]",1,3.0,True
CT-F-99-020510,PEM107,"[{'warehouse': 'FG27', 'qty': 17.0}, {'warehouse': 'FG01', 'qty': 3.0}]",2,20.0,True
CT-F-99-020511,PEM107,"[{'warehouse': 'FG27', 'qty': 14.0}]",1,14.0,True
CT-F-99-020512,PEM107,,0,0.0,False
CT-F-99-020513,PEM107,,0,0.0,False
CT-F-99-020533,PEM107,,0,0.0,False
CT-F-99-020522,PEM107,,0,0.0,False
CT-F-99-020534,PEM107,,0,0.0,False
CT-F-99-020523,PEM107,,0,0.0,False
CT-F-99-020525,PEM107,"[{'warehouse': 'FG27', 'qty': 8.0}]",1,8.0,True
CT-F-99-020531,PEM107,,0,0.0,False
CT-F-99-020527,PEM107,"[{'warehouse': 'FG27', 'qty': 6.0}]",1,6.0,True
CT-F-99-020524,PEM107,"[{'warehouse': 'FMTO', 'qty': 3.0}, {'warehouse': 'FG27', 'qty': 6.0}]",2,9.0,True
CT-F-99-020528,PEM107,"[{'warehouse': 'FG27', 'qty': 6.0}]",1,6.0,True
CT-F-99-020529,PEM107,,0,0.0,False
CT-F-99-020530,PEM107,"[{'warehouse': 'FMTO', 'qty': 3.0}, {'warehouse': 'FG27', 'qty': 7.0}]",2,10.0,True
CT-F-99-020526,PEM107,"[{'warehouse': 'FG27', 'qty': 1.0}]",1,1.0,True
CT-F-99-020535,PEM107,,0,0.0,False
CT-F-99-020532,PEM107,,0,0.0,False
CT-F-99-020701,PEM107,,0,0.0,False
CT-F-99-020702,PEM107,,0,0.0,False
CT-F-99-020703,PEM107,,0,0.0,False
CT-F-99-020704,PEM107,,0,0.0,False
CT-F-99-020705,PEM107,,0,0.0,False
CT-F-99-020706,PEM107,,0,0.0,False
CT-F-99-020707,PEM107,,0,0.0,False
CT-F-99-020708,PEM107,,0,0.0,False
CT-F-99-020718,PEM107,,0,0.0,False
CT-F-99-020710,PEM107,,0,0.0,False
CT-F-99-020709,PEM107,,0,0.0,False
CT-F-99-020721,PEM107,,0,0.0,False
CT-F-99-020722,PEM107,,0,0.0,False
CT-F-99-020723,PEM107,"[{'warehouse': 'FG27', 'qty': 3.0}]",1,3.0,True
CT-F-99-020714,PEM107,,0,0.0,False
CT-F-99-020725,PEM107,,0,0.0,False
CT-F-99-020726,PEM107,"[{'warehouse': 'FG27', 'qty': 6.0}]",1,6.0,True
CT-F-99-020717,PEM107,,0,0.0,False
CT-F-99-020728,PEM107,,0,0.0,False
CT-F-99-020729,PEM107,,0,0.0,False
CT-F-99-020730,PEM107,,0,0.0,False
CT-F-99-020731,PEM107,,0,0.0,False
DS-F-99-0301,CI101,"[{'warehouse': 'FMTS', 'qty': 1.0}]",1,1.0,True
DS-F-99-0308,CI101,"[{'warehouse': 'FG01', 'qty': 13.0}]",1,13.0,True
DS-F-99-0309,CI101,"[{'warehouse': 'FG01', 'qty': 15.0}]",1,15.0,True
DS-F-99-0310,CI101,"[{'warehouse': 'FG01', 'qty': 9.0}]",1,9.0,True
DS-F-99-0320,CI101,,0,0.0,False
DS-F-99-0311,CI101,"[{'warehouse': 'FG01', 'qty': 7.0}]",1,7.0,True
DS-F-99-0312,CI101,,0,0.0,False
DS-F-99-0101,CI101,,0,0.0,False
DS-F-99-0103,CI101,,0,0.0,False
DS-F-99-0105,CI101,"[{'warehouse': 'FMTO', 'qty': 1.0}]",1,1.0,True
DS-F-99-0107,CI101,,0,0.0,False
DS-F-99-0109,CI101,,0,0.0,False
DS-F-99-0221,CI101,,0,0.0,False
